Date,GOOGL,TSLA,UNH
2021-04-01,106.48899841308594,220.5833282470703,354.5586242675781
2021-04-05,110.947998046875,230.35000610351562,357.5626525878906
2021-04-06,110.46299743652344,230.5399932861328,351.95068359375
2021-04-07,111.95149993896484,223.6566619873047,353.1773681640625
2021-04-08,112.52149963378906,227.93333435058594,352.45294189453125
2021-04-09,113.53350067138672,225.67333984375,363.4740295410156
2021-04-12,112.23100280761719,233.9933319091797,363.4547424316406
2021-04-13,112.72149658203125,254.10667419433594,361.73541259765625
2021-04-14,112.09549713134766,244.07666015625,362.8269348144531
2021-04-15,114.26249694824219,246.28334045410156,376.71673583984375
2021-04-16,114.13749694824219,246.5933380126953,377.68267822265625
2021-04-19,114.48799896240234,238.2100067138672,376.5525207519531
2021-04-20,113.95050048828125,239.663330078125,383.0145568847656
2021-04-21,113.9175033569336,248.0399932861328,385.216796875
2021-04-22,112.6259994506836,239.89666748046875,383.0242004394531
2021-04-23,114.99649810791016,243.13333129882812,386.6656799316406
2021-04-26,115.49649810791016,246.06666564941406,382.3672790527344
2021-04-27,114.54900360107422,234.913330078125,381.0537109375
2021-04-28,117.9520034790039,231.46665954589844,381.1406555175781
2021-04-29,119.63800048828125,225.6666717529297,387.8634033203125
2021-04-30,117.67500305175781,236.47999572753906,385.2071533203125
2021-05-03,117.15399932861328,228.3000030517578,392.0651550292969
2021-05-04,115.34149932861328,224.53334045410156,397.3197326660156
2021-05-05,115.7385025024414,223.64666748046875,398.440185546875
2021-05-06,116.86750030517578,221.17999267578125,400.82598876953125
2021-05-07,117.59649658203125,224.1233367919922,403.41461181640625
2021-05-10,114.5875015258789,209.67999267578125,406.54425048828125
2021-05-11,113.50299835205078,205.73333740234375,397.6674499511719
2021-05-12,110.01249694824219,196.6300048828125,391.55322265625
2021-05-13,111.4520034790039,190.56333923339844,394.63446044921875
2021-05-14,113.91899871826172,196.5800018310547,395.83221435546875
2021-05-17,114.44599914550781,192.27667236328125,394.7021179199219
2021-05-18,113.12349700927734,192.6233367919922,396.3924255371094
2021-05-19,113.57499694824219,187.82000732421875,395.5423889160156
2021-05-20,115.34750366210938,195.5933380126953,394.7117614746094
2021-05-21,114.70649719238281,193.6266632080078,397.599853515625
2021-05-24,118.052001953125,202.14666748046875,396.9430847167969
2021-05-25,118.14350128173828,201.56333923339844,398.97149658203125
2021-05-26,119.0155029296875,206.3766632080078,399.1259460449219
2021-05-27,118.13400268554688,210.28334045410156,398.6334228515625
2021-05-28,117.84249877929688,208.4066619873047,397.87994384765625
2021-06-01,119.05899810791016,207.96665954589844,392.8572082519531
2021-06-02,118.52950286865234,201.7066650390625,392.016845703125
2021-06-03,117.37899780273438,190.94667053222656,394.054931640625
2021-06-04,119.67849731445312,199.68333435058594,391.8140563964844
2021-06-07,120.11499786376953,201.7100067138672,386.6076965332031
2021-06-08,119.9219970703125,201.19667053222656,388.04693603515625
2021-06-09,120.39700317382812,199.5933380126953,387.42877197265625
2021-06-10,121.75650024414062,203.3733367919922,387.805419921875
2021-06-11,121.51000213623047,203.29666137695312,384.3282165527344
2021-06-14,122.44550323486328,205.89666748046875,385.55487060546875
2021-06-15,121.41950225830078,199.7866668701172,386.63671875
2021-06-16,120.77249908447266,201.6233367919922,383.7099609375
2021-06-17,121.74349975585938,205.53334045410156,383.8066101074219
2021-06-18,120.11100006103516,207.77000427246094,377.47601318359375
2021-06-21,121.8125,206.94332885742188,385.9102783203125
2021-06-22,122.33049774169922,207.90333557128906,386.5113830566406
2021-06-23,122.12699890136719,218.85667419433594,383.4769287109375
2021-06-24,122.5,226.60667419433594,386.6858825683594
2021-06-25,122.50849914550781,223.9566650390625,392.58013916015625
2021-06-28,122.53600311279297,229.57333374023438,389.19671630859375
2021-06-29,122.27249908447266,226.9199981689453,385.9393615722656
2021-06-30,122.0895004272461,226.56666564941406,388.2078552246094
2021-07-01,122.44450378417969,225.97332763671875,392.5220031738281
2021-07-02,125.25749969482422,226.3000030517578,396.85540771484375
2021-07-06,126.19000244140625,219.86000061035156,397.7279357910156
2021-07-07,126.4739990234375,214.88333129882812,399.08514404296875
2021-07-08,125.04399871826172,217.60333251953125,397.4273681640625
2021-07-09,125.51850128173828,218.98333740234375,399.52142333984375
2021-07-12,126.97550201416016,228.56666564941406,403.3313903808594
2021-07-13,127.34149932861328,222.84666442871094,405.7550048828125
2021-07-14,128.23699951171875,217.7933349609375,402.071044921875
2021-07-15,127.00499725341797,216.86666870117188,407.2188720703125
2021-07-16,126.97000122070312,214.74000549316406,406.87957763671875
2021-07-19,124.5780029296875,215.4066619873047,396.5645751953125
2021-07-20,126.20950317382812,220.1666717529297,400.3551025390625
2021-07-21,127.54900360107422,218.42999267578125,401.97418212890625
2021-07-22,128.42149353027344,216.4199981689453,403.0696105957031
2021-07-23,133.01499938964844,214.4600067138672,404.9406433105469
2021-07-26,134.03500366210938,219.2066650390625,400.9077453613281
2021-07-27,131.89999389648438,214.92666625976562,402.42010498046875
2021-07-28,136.093994140625,215.66000366210938,396.6712341308594
2021-07-29,135.77749633789062,225.78334045410156,399.49237060546875
2021-07-30,134.72650146484375,229.06666564941406,399.6280822753906
2021-08-02,134.85450744628906,236.55667114257812,402.8757019042969
2021-08-03,135.6300048828125,236.5800018310547,409.0122985839844
2021-08-04,135.12550354003906,236.97332763671875,408.6633605957031
2021-08-05,136.25149536132812,238.2100067138672,398.6295166015625
2021-08-06,135.73849487304688,233.03334045410156,402.4394226074219
2021-08-09,136.91299438476562,237.9199981689453,398.3193359375
2021-08-10,136.8070068359375,236.663330078125,399.2015380859375
2021-08-11,136.2790069580078,235.94000244140625,395.2848815917969
2021-08-12,137.19400024414062,240.75,393.5592346191406
2021-08-13,137.7274932861328,239.05667114257812,397.1559143066406
2021-08-16,138.3094940185547,228.72332763671875,404.4656066894531
2021-08-17,136.6614990234375,221.90333557128906,408.89599609375
2021-08-18,135.44900512695312,229.663330078125,404.5722961425781
2021-08-19,135.67999267578125,224.49000549316406,414.81939697265625
2021-08-20,137.42950439453125,226.75332641601562,416.58380126953125
2021-08-23,140.04150390625,235.43333435058594,412.36669921875
2021-08-24,141.26150512695312,236.163330078125,410.4762268066406
2021-08-25,142.07899475097656,237.06666564941406,406.9183349609375
2021-08-26,141.4405059814453,233.72000122070312,404.1166076660156
2021-08-27,144.00399780273438,237.30667114257812,405.9682922363281
2021-08-30,144.5904998779297,243.6366729736328,405.5223083496094
2021-08-31,144.69749450683594,245.24000549316406,403.5543212890625
2021-09-01,145.2154998779297,244.69667053222656,404.6013488769531
2021-09-02,143.28700256347656,244.1300048828125,410.7670593261719
2021-09-03,143.739501953125,244.52333068847656,409.9429931640625
2021-09-07,144.28050231933594,250.97332763671875,408.37249755859375
2021-09-08,143.6909942626953,251.2899932861328,402.70123291015625
2021-09-09,143.54100036621094,251.6199951171875,401.8868713378906
2021-09-10,140.87600708007812,245.42333984375,392.94635009765625
2021-09-13,142.33250427246094,247.6666717529297,403.268310546875
2021-09-14,142.54449462890625,248.163330078125,401.3421325683594
2021-09-15,144.42950439453125,251.94332885742188,406.1868896484375
2021-09-16,143.61000061035156,252.3300018310547,405.5253601074219
2021-09-17,140.8000030517578,253.163330078125,408.7552795410156
2021-09-20,138.71949768066406,243.38999938964844,401.497802734375
2021-09-21,139.0330047607422,246.4600067138672,401.14752197265625
2021-09-22,140.2834930419922,250.64666748046875,397.6062927246094
2021-09-23,141.21600341796875,251.2133331298828,396.95452880859375
2021-09-24,142.21499633789062,258.1300048828125,396.0302429199219
2021-09-27,141.07200622558594,263.78668212890625,394.2694396972656
2021-09-28,135.8300018310547,259.1866760253906,387.7999572753906
2021-09-29,134.35350036621094,260.4366760253906,389.5413513183594
2021-09-30,133.67599487304688,258.49334716796875,380.1337890625
2021-10-01,136.54299926757812,258.40667724609375,381.7779235839844
2021-10-04,133.6595001220703,260.510009765625,376.50506591796875
2021-10-05,136.0229949951172,260.1966552734375,382.7507629394531
2021-10-06,137.56500244140625,260.9166564941406,383.5485534667969
2021-10-07,139.22500610351562,264.53668212890625,393.71490478515625
2021-10-08,139.78550720214844,261.8299865722656,397.3728332519531
2021-10-11,138.91400146484375,263.9800109863281,393.9969787597656
2021-10-12,136.44900512695312,268.5733337402344,392.29449462890625
2021-10-13,137.58200073242188,270.3599853515625,392.5960998535156
2021-10-14,141.1510009765625,272.7733459472656,408.94976806640625
2021-10-15,141.3679962158203,281.010009765625,416.4505615234375
2021-10-18,142.7779998779297,290.03668212890625,413.09417724609375
2021-10-19,143.23699951171875,288.0899963378906,412.86065673828125
2021-10-20,141.7689971923828,288.6000061035156,423.2799987792969
2021-10-21,141.88600158691406,298.0,430.2748107910156
2021-10-22,137.56649780273438,303.2266540527344,436.9680480957031
2021-10-25,137.44700622558594,341.6199951171875,437.28912353515625
2021-10-26,139.30850219726562,339.4766540527344,442.29931640625
2021-10-27,146.21749877929688,345.9533386230469,441.17083740234375
2021-10-28,145.8489990234375,359.0133361816406,443.0776062011719
2021-10-29,148.04600524902344,371.3333435058594,447.9710998535156
2021-11-01,143.4969940185547,402.86334228515625,441.78369140625
2021-11-02,145.4324951171875,390.6666564941406,439.7698974609375
2021-11-03,146.59800720214844,404.6199951171875,444.91632080078125
2021-11-04,148.2675018310547,409.9700012207031,444.3617858886719
2021-11-05,148.8520050048828,407.36334228515625,443.4375305175781
2021-11-08,149.031005859375,387.64666748046875,450.06268310546875
2021-11-09,148.9185028076172,341.1666564941406,451.7457580566406
2021-11-10,145.89349365234375,355.98333740234375,447.41650390625
2021-11-11,145.76649475097656,354.5033264160156,444.9747009277344
2021-11-12,148.67799377441406,344.47332763671875,446.53125
2021-11-15,148.45199584960938,337.7966613769531,438.5635681152344
2021-11-16,147.87600708007812,351.57666015625,437.4156188964844
2021-11-17,148.0469970703125,363.0033264160156,436.7637634277344
2021-11-18,149.8385009765625,365.4599914550781,437.2696838378906
2021-11-19,148.92649841308594,379.0199890136719,428.0567626953125
2021-11-22,146.302001953125,385.6233215332031,425.6634826660156
2021-11-23,145.78199768066406,369.6766662597656,434.9931640625
2021-11-24,146.1199951171875,372.0,437.94091796875
2021-11-26,142.18299865722656,360.6400146484375,427.9691467285156
2021-11-29,145.53050231933594,378.9966735839844,439.7309875488281
2021-11-30,141.8975067138672,381.586669921875,432.16217041015625
2021-12-01,141.05149841308594,365.0,432.27886962890625
2021-12-02,142.96600341796875,361.5333251953125,433.91326904296875
2021-12-03,142.00149536132812,338.3233337402344,438.5494689941406
2021-12-06,143.15499877929688,336.336669921875,449.0807800292969
2021-12-07,147.26950073242188,350.5833435058594,453.59002685546875
2021-12-08,148.18649291992188,356.32000732421875,457.6210021972656
2021-12-09,147.6385040283203,334.6000061035156,461.9741516113281
2021-12-10,148.00149536132812,339.010009765625,466.7664489746094
2021-12-13,145.82650756835938,322.13665771484375,466.6786193847656
2021-12-14,143.90699768066406,319.5033264160156,467.9669189453125
2021-12-15,146.4409942626953,325.3299865722656,482.529296875
2021-12-16,144.44500732421875,308.97332763671875,481.0457458496094
2021-12-17,141.72500610351562,310.8566589355469,475.4433288574219
2021-12-20,141.60699462890625,299.9800109863281,472.1346435546875
2021-12-21,143.47250366210938,312.84332275390625,475.53118896484375
2021-12-22,146.4149932861328,336.2900085449219,482.2853088378906
2021-12-23,146.91650390625,355.6666564941406,483.5053405761719
2021-12-27,147.906494140625,364.64666748046875,487.5265808105469
2021-12-28,146.68699645996094,362.8233337402344,490.8841247558594
2021-12-29,146.65499877929688,362.0633239746094,493.4608154296875
2021-12-30,146.20050048828125,356.7799987792969,492.33837890625
2021-12-31,144.8520050048828,352.260009765625,490.10333251953125
2022-01-03,144.9915008544922,399.9266662597656,490.2399597167969
2022-01-04,144.39950561523438,383.1966552734375,479.1327209472656
2022-01-05,137.77499389648438,362.7066650390625,477.9517517089844
2022-01-06,137.74749755859375,354.8999938964844,458.3921203613281
2022-01-07,137.01699829101562,342.32000732421875,447.6069641113281
2022-01-10,138.66949462890625,352.7066650390625,453.85357666015625
2022-01-11,139.73599243164062,354.79998779296875,457.7576599121094
2022-01-12,141.4304962158203,368.739990234375,462.3645324707031
2022-01-13,138.58700561523438,343.85333251953125,456.225341796875
2022-01-14,139.48049926757812,349.8699951171875,457.45513916015625
2022-01-18,135.9980010986328,343.5033264160156,449.9397277832031
2022-01-19,135.1165008544922,331.8833312988281,451.4329833984375
2022-01-20,133.3074951171875,332.0899963378906,451.9015197753906
2022-01-21,130.35150146484375,314.6333312988281,450.1153869628906
2022-01-24,130.8040008544922,310.0,451.18902587890625
2022-01-25,126.93499755859375,306.1333312988281,445.88916015625
2022-01-26,129.23300170898438,312.4700012207031,447.4410400390625
2022-01-27,129.0050048828125,276.3666687011719,450.53509521484375
2022-01-28,133.3509979248047,282.1166687011719,454.88812255859375
2022-01-31,135.30349731445312,312.239990234375,461.2421569824219
2022-02-01,137.6439971923828,310.4166564941406,457.1817932128906
2022-02-02,148.0,301.88665771484375,468.2792663574219
2022-02-03,143.08999633789062,297.0466613769531,477.0538024902344
2022-02-04,143.29299926757812,307.7733459472656,471.5880126953125
2022-02-07,139.2010040283203,302.4466552734375,472.1053161621094
2022-02-08,139.3990020751953,307.3333435058594,481.5825500488281
2022-02-09,141.5919952392578,310.6666564941406,486.16015625
2022-02-10,138.6199951171875,301.51666259765625,475.05291748046875
2022-02-11,134.28250122070312,286.6666564941406,466.6688537597656
2022-02-14,135.5260009765625,291.9200134277344,463.0282897949219
2022-02-15,136.60850524902344,307.4766540527344,466.7664489746094
2022-02-16,137.73800659179688,307.7966613769531,468.5428161621094
2022-02-17,132.53900146484375,292.1166687011719,459.0655822753906
2022-02-18,130.4029998779297,285.6600036621094,456.59625244140625
2022-02-22,129.81350708007812,273.84332275390625,451.42327880859375
2022-02-23,127.58799743652344,254.67999267578125,448.6025085449219
2022-02-24,132.6909942626953,266.92333984375,444.96197509765625
2022-02-25,134.45950317382812,269.9566650390625,464.3458557128906
2022-02-28,135.0570068359375,290.1433410644531,464.4629821777344
2022-03-01,134.06149291992188,288.1233215332031,464.8338928222656
2022-03-02,134.57150268554688,293.2966613769531,473.74505615234375
2022-03-03,133.89950561523438,279.7633361816406,474.9260559082031
2022-03-04,131.906494140625,279.42999267578125,486.6969299316406
2022-03-07,126.37850189208984,268.1933288574219,475.19927978515625
2022-03-08,127.10449981689453,274.79998779296875,462.11077880859375
2022-03-09,133.4199981689453,286.3233337402344,473.9305419921875
2022-03-10,132.42950439453125,279.4333190917969,479.6597900390625
2022-03-11,129.87049865722656,265.1166687011719,472.6898498535156
2022-03-14,125.95099639892578,255.4566650390625,477.6334228515625
2022-03-15,129.197998046875,267.2966613769531,487.412841796875
2022-03-16,133.28050231933594,280.07666015625,487.7554931640625
2022-03-17,133.83900451660156,290.5333251953125,496.3306884765625
2022-03-18,136.12550354003906,301.7966613769531,495.4496765136719
2022-03-21,136.10150146484375,307.0533447265625,496.9572448730469
2022-03-22,139.8679962158203,331.32666015625,494.6665954589844
2022-03-23,138.27549743652344,333.03668212890625,492.62066650390625
2022-03-24,141.57200622558594,337.97332763671875,502.6349792480469
2022-03-25,141.67300415039062,336.8800048828125,502.21405029296875
2022-03-28,141.45550537109375,363.9466552734375,502.3804626464844
2022-03-29,142.5054931640625,366.5233459472656,499.9625244140625
2022-03-30,141.93850708007812,364.663330078125,509.83990478515625
2022-03-31,139.0675048828125,359.20001220703125,499.2185363769531
2022-04-01,140.15049743652344,361.5299987792969,501.7833251953125
2022-04-04,142.97149658203125,381.8166809082031,499.2674560546875
2022-04-05,140.59100341796875,363.7533264160156,506.8443603515625
2022-04-06,136.54800415039062,348.586669921875,520.5394287109375
2022-04-07,135.8885040283203,352.4200134277344,525.6296997070312
2022-04-08,133.28750610351562,341.8299865722656,534.4498291015625
2022-04-11,128.82350158691406,325.30999755859375,526.1093139648438
2022-04-12,127.7145004272461,328.98333740234375,522.4580688476562
2022-04-13,129.8939971923828,340.7900085449219,525.6785888671875
2022-04-14,126.7300033569336,328.3333435058594,523.544677734375
2022-04-18,127.67649841308594,334.7633361816406,522.8202514648438
2022-04-19,130.00900268554688,342.7166748046875,526.3638916015625
2022-04-20,128.0399932861328,325.73333740234375,534.4987182617188
2022-04-21,124.81449890136719,336.260009765625,526.1093139648438
2022-04-22,119.635498046875,335.01666259765625,509.957275390625
2022-04-25,123.0739974975586,332.67333984375,513.2171630859375
2022-04-26,118.6500015258789,292.1400146484375,502.9482727050781
2022-04-27,114.29450225830078,293.836669921875,502.9776306152344
2022-04-28,118.52249908447266,292.5033264160156,513.3639526367188
2022-04-29,114.1094970703125,290.2533264160156,497.8284606933594
2022-05-02,116.58300018310547,300.9800109863281,490.58447265625
2022-05-03,117.33399963378906,303.0833435058594,489.08673095703125
2022-05-04,122.26100158691406,317.5400085449219,496.9180908203125
2022-05-05,116.50550079345703,291.09332275390625,484.2900390625
2022-05-06,115.74649810791016,288.54998779296875,489.08673095703125
2022-05-09,112.51100158691406,262.3699951171875,476.1650390625
2022-05-10,114.3949966430664,266.67999267578125,477.7215576171875
2022-05-11,113.60250091552734,244.6666717529297,475.9007263183594
2022-05-12,112.84400177001953,242.6666717529297,468.7057189941406
2022-05-13,116.05049896240234,256.5299987792969,475.1665344238281
2022-05-16,114.44499969482422,241.4566650390625,478.906005859375
2022-05-17,116.4729995727539,253.8699951171875,482.1462097167969
2022-05-18,111.89949798583984,236.60333251953125,461.4421691894531
2022-05-19,110.38400268554688,236.47332763671875,468.4609069824219
2022-05-20,108.90799713134766,221.3000030517578,475.48956298828125
2022-05-23,111.48799896240234,224.96665954589844,481.7056884765625
2022-05-24,105.97000122070312,209.3866729736328,487.0701904296875
2022-05-25,105.80500030517578,219.60000610351562,487.5889892578125
2022-05-26,107.7925033569336,235.91000366210938,491.6417541503906
2022-05-27,112.31649780273438,253.2100067138672,496.4188232421875
2022-05-31,113.76200103759766,252.75332641601562,486.3066101074219
2022-06-01,113.89199829101562,246.7899932861328,482.1658020019531
2022-06-02,117.62249755859375,258.3333435058594,481.8818664550781
2022-06-03,114.54100036621094,234.51666259765625,475.3720703125
2022-06-06,116.82050323486328,238.27999877929688,479.84576416015625
2022-06-07,117.14949798583984,238.8866729736328,486.6199035644531
2022-06-08,117.19400024414062,241.86666870117188,483.1251220703125
2022-06-09,114.83550262451172,239.7066650390625,479.1116027832031
2022-06-10,111.1614990234375,232.22999572753906,474.4128112792969
2022-06-13,106.39250183105469,215.73666381835938,459.7975769042969
2022-06-14,106.71549987792969,220.88999938964844,452.0151672363281
2022-06-15,109.7645034790039,233.0,454.5407409667969
2022-06-16,106.03350067138672,213.10000610351562,448.06671142578125
2022-06-17,107.14350128173828,216.75999450683594,444.1075744628906
2022-06-21,111.54399871826172,237.0366668701172,471.8704528808594
2022-06-22,111.48750305175781,236.086669921875,481.0657653808594
2022-06-23,112.24199676513672,235.07000732421875,491.017578125
2022-06-24,117.9749984741211,245.7066650390625,486.9209899902344
2022-06-27,115.83350372314453,244.9199981689453,496.7646789550781
2022-06-28,112.00749969482422,232.663330078125,499.4957580566406
2022-06-29,111.70149993896484,228.49000549316406,506.6379089355469
2022-06-30,108.96299743652344,224.47332763671875,504.5944519042969
2022-07-01,108.73750305175781,227.26333618164062,508.2981872558594
2022-07-05,113.26300048828125,233.06666564941406,496.35205078125
2022-07-06,114.5719985961914,231.73333740234375,506.2252502441406
2022-07-07,118.78299713134766,244.5433349609375,505.3312683105469
2022-07-08,119.35350036621094,250.76333618164062,509.5064697265625
2022-07-11,115.67649841308594,234.3433380126953,507.8561096191406
2022-07-12,114.02050018310547,233.07000732421875,505.37054443359375
2022-07-13,111.35350036621094,237.0399932861328,492.42242431640625
2022-07-14,110.36750030517578,238.31333923339844,493.5914611816406
2022-07-15,111.77749633789062,240.06666564941406,520.430908203125
2022-07-18,109.02999877929688,240.54666137695312,510.23345947265625
2022-07-19,113.80999755859375,245.52999877929688,524.0657958984375
2022-07-20,113.9000015258789,247.5,510.3316955566406
2022-07-21,114.33999633789062,271.7066650390625,513.2691040039062
2022-07-22,107.9000015258789,272.24334716796875,512.237548828125
2022-07-25,107.51000213623047,268.4333190917969,520.15576171875
2022-07-26,105.0199966430664,258.8599853515625,522.238525390625
2022-07-27,113.05999755859375,274.82000732421875,525.2053833007812
2022-07-28,114.22000122070312,280.8999938964844,531.96435546875
2022-07-29,116.31999969482422,297.1499938964844,532.7994384765625
2022-08-01,114.86000061035156,297.27667236328125,525.9618530273438
2022-08-02,115.12999725341797,300.586669921875,526.0404663085938
2022-08-03,118.08000183105469,307.39666748046875,531.1390991210938
2022-08-04,118.19000244140625,308.6333312988281,524.3605346679688
2022-08-05,117.47000122070312,288.1700134277344,525.6475219726562
2022-08-08,117.30000305175781,290.42333984375,527.1603393554688
2022-08-09,116.62999725341797,283.3333435058594,527.8087768554688
2022-08-10,119.69999694824219,294.3566589355469,528.2606811523438
2022-08-11,118.83999633789062,286.6300048828125,523.4861450195312
2022-08-12,121.68000030517578,300.0299987792969,534.1354370117188
2022-08-15,122.08000183105469,309.32000732421875,535.0588989257812
2022-08-16,121.69999694824219,306.5633239746094,536.5128784179688
2022-08-17,119.55000305175781,303.9966735839844,535.41259765625
2022-08-18,120.16999816894531,302.8699951171875,535.6287231445312
2022-08-19,117.20999908447266,296.6666564941406,538.6742553710938
2022-08-22,114.23999786376953,289.913330078125,534.990234375
2022-08-23,113.86000061035156,296.4533386230469,526.3743896484375
2022-08-24,113.69000244140625,297.0966796875,527.0228271484375
2022-08-25,116.6500015258789,296.07000732421875,532.04296875
2022-08-26,110.33999633789062,288.0899963378906,519.939697265625
2022-08-29,109.41999816894531,284.82000732421875,520.4505615234375
2022-08-30,108.94000244140625,277.70001220703125,513.6423950195312
2022-08-31,108.22000122070312,275.6099853515625,510.1942443847656
2022-09-01,109.73999786376953,277.1600036621094,514.7820434570312
2022-09-02,107.8499984741211,270.2099914550781,507.2665710449219
2022-09-06,106.80999755859375,274.4200134277344,508.5732116699219
2022-09-07,109.44999694824219,283.70001220703125,512.5028076171875
2022-09-08,108.37999725341797,289.260009765625,518.2302856445312
2022-09-09,110.6500015258789,299.67999267578125,516.732421875
2022-09-12,110.86000061035156,304.4200134277344,523.5421142578125
2022-09-13,104.31999969482422,292.1300048828125,506.5029602050781
2022-09-14,105.0,302.6099853515625,502.37371826171875
2022-09-15,102.91000366210938,303.75,515.3231201171875
2022-09-16,102.80000305175781,303.3500061035156,513.4605712890625
2022-09-19,103.06999969482422,309.07000732421875,515.9537963867188
2022-09-20,101.13999938964844,308.7300109863281,515.2146606445312
2022-09-21,99.27999877929688,300.79998779296875,504.6502685546875
2022-09-22,100.13999938964844,288.5899963378906,509.95220947265625
2022-09-23,98.73999786376953,275.3299865722656,506.15802001953125
2022-09-26,98.16999816894531,276.010009765625,500.9842224121094
2022-09-27,97.5,282.94000244140625,500.9940490722656
2022-09-28,100.05000305175781,287.80999755859375,506.4832458496094
2022-09-29,97.41999816894531,268.2099914550781,501.4474182128906
2022-09-30,95.6500015258789,265.25,497.7123718261719
2022-10-03,98.63999938964844,242.39999389648438,508.03045654296875
2022-10-04,101.63999938964844,249.44000244140625,515.5792846679688
2022-10-05,101.43000030517578,240.80999755859375,519.4227294921875
2022-10-06,101.41999816894531,238.1300048828125,511.5979309082031
2022-10-07,98.68000030517578,223.07000732421875,497.525146484375
2022-10-10,97.86000061035156,222.9600067138672,491.6220397949219
2022-10-11,97.18000030517578,216.5,492.5582580566406
2022-10-12,97.55999755859375,217.24000549316406,492.7060852050781
2022-10-13,99.05999755859375,221.72000122070312,502.51171875
2022-10-14,96.55999755859375,204.99000549316406,505.6850280761719
2022-10-17,99.97000122070312,219.35000610351562,514.3080444335938
2022-10-18,100.7699966430664,220.19000244140625,514.63330078125
2022-10-19,99.62999725341797,222.0399932861328,512.7706909179688
2022-10-20,99.97000122070312,207.27999877929688,513.3226318359375
2022-10-21,101.12999725341797,214.44000244140625,525.986083984375
2022-10-24,102.5199966430664,211.25,533.741943359375
2022-10-25,104.4800033569336,222.4199981689453,532.3819580078125
2022-10-26,94.93000030517578,224.63999938964844,535.2891845703125
2022-10-27,92.22000122070312,225.08999633789062,533.9390258789062
2022-10-28,96.29000091552734,228.52000427246094,543.2420654296875
2022-10-31,94.51000213623047,227.5399932861328,547.0953369140625
2022-11-01,90.47000122070312,227.82000732421875,539.3690795898438
2022-11-02,86.97000122070312,214.97999572753906,535.5453491210938
2022-11-03,83.43000030517578,215.30999755859375,535.7227783203125
2022-11-04,86.58000183105469,207.47000122070312,530.3616943359375
2022-11-07,88.48999786376953,197.0800018310547,537.1123657226562
2022-11-08,88.9000015258789,191.3000030517578,545.0258178710938
2022-11-09,87.31999969482422,177.58999633789062,532.8155517578125
2022-11-10,93.94000244140625,190.72000122070312,536.274658203125
2022-11-11,96.41000366210938,195.97000122070312,514.505126953125
2022-11-14,95.69999694824219,190.9499969482422,506.2960205078125
2022-11-15,98.44000244140625,194.4199981689453,495.7118225097656
2022-11-16,98.8499984741211,186.9199981689453,504.0983581542969
2022-11-17,98.36000061035156,183.1699981689453,507.8334045410156
2022-11-18,97.43000030517578,180.19000244140625,522.3102416992188
2022-11-21,95.5999984741211,167.8699951171875,509.6861267089844
2022-11-22,97.05000305175781,169.91000366210938,515.5005493164062
2022-11-23,98.45999908447266,183.1999969482422,522.0244750976562
2022-11-25,97.45999908447266,182.86000061035156,529.8196411132812
2022-11-28,96.05000305175781,182.9199981689453,524.5473022460938
2022-11-29,95.19000244140625,180.8300018310547,520.3392944335938
2022-11-30,100.98999786376953,194.6999969482422,539.8125610351562
2022-12-01,100.98999786376953,194.6999969482422,529.1199951171875
2022-12-02,100.44000244140625,194.86000061035156,530.0096435546875
2022-12-05,99.4800033569336,182.4499969482422,528.9025268554688
2022-12-06,96.9800033569336,179.82000732421875,533.1334838867188
2022-12-07,94.94000244140625,174.0399932861328,536.6822509765625
2022-12-08,93.70999908447266,173.44000244140625,541.6348266601562
2022-12-09,92.83000183105469,179.0500030517578,533.0148315429688
2022-12-12,93.30999755859375,167.82000732421875,539.598388671875
2022-12-13,95.62999725341797,160.9499969482422,532.0459594726562
2022-12-14,95.06999969482422,156.8000030517578,532.1844482421875
2022-12-15,90.86000061035156,157.6699981689453,521.6268920898438
2022-12-16,90.26000213623047,150.22999572753906,517.692626953125
2022-12-19,88.44000244140625,149.8699951171875,517.5938110351562
2022-12-20,89.0199966430664,137.8000030517578,514.24267578125
2022-12-21,89.58000183105469,137.57000732421875,521.488525390625
2022-12-22,87.76000213623047,125.3499984741211,521.0437622070312
2022-12-23,89.2300033569336,123.1500015258789,525.21533203125
2022-12-27,87.38999938964844,109.0999984741211,525.8875732421875
2022-12-28,86.0199966430664,112.70999908447266,522.38818359375
2022-12-29,88.44999694824219,121.81999969482422,523.8016967773438
2022-12-30,88.2300033569336,123.18000030517578,524.0982666015625
2023-01-03,89.12000274658203,108.0999984741211,512.690673828125
2023-01-04,88.08000183105469,113.63999938964844,498.7128601074219
2023-01-05,86.19999694824219,110.33999633789062,484.3396301269531
2023-01-06,87.33999633789062,113.05999755859375,484.3791809082031
2023-01-09,88.0199966430664,119.7699966430664,484.4384765625
2023-01-10,88.41999816894531,118.8499984741211,480.425048828125
2023-01-11,91.5199966430664,123.22000122070312,487.74017333984375
2023-01-12,91.12999725341797,123.55999755859375,489.9841613769531
2023-01-13,92.12000274658203,122.4000015258789,483.9541015625
2023-01-17,91.29000091552734,131.49000549316406,479.5155944824219
2023-01-18,91.12000274658203,128.77999877929688,470.7770080566406
2023-01-19,93.05000305175781,127.16999816894531,478.8038635253906
2023-01-20,98.0199966430664,133.4199981689453,481.1368103027344
2023-01-23,99.79000091552734,143.75,480.2372131347656
2023-01-24,97.69999694824219,143.88999938964844,485.9608459472656
2023-01-25,95.22000122070312,144.42999267578125,486.8504943847656
2023-01-26,97.5199966430664,160.27000427246094,486.8307189941406
2023-01-27,99.37000274658203,177.89999389648438,480.4744567871094
2023-01-30,96.94000244140625,166.66000366210938,480.21746826171875
2023-01-31,98.83999633789062,173.22000122070312,493.4637451171875
2023-02-01,100.43000030517578,181.41000366210938,491.2988586425781
2023-02-02,107.73999786376953,188.27000427246094,465.4290466308594
2023-02-03,104.77999877929688,189.97999572753906,466.60540771484375
2023-02-06,102.9000015258789,194.75999450683594,469.7884521484375
2023-02-07,107.63999938964844,196.80999755859375,471.40966796875
2023-02-08,99.37000274658203,201.2899932861328,477.67694091796875
2023-02-09,95.01000213623047,207.32000732421875,480.15814208984375
2023-02-10,94.56999969482422,196.88999938964844,488.5804138183594
2023-02-13,94.61000061035156,194.63999938964844,489.66778564453125
2023-02-14,94.68000030517578,209.25,487.17669677734375
2023-02-15,96.94000244140625,214.24000549316406,485.6148376464844
2023-02-16,95.51000213623047,202.0399932861328,481.7595520019531
2023-02-17,94.3499984741211,208.30999755859375,493.3550109863281
2023-02-21,91.79000091552734,197.3699951171875,485.67413330078125
2023-02-22,91.6500015258789,200.86000061035156,483.2819519042969
2023-02-23,90.88999938964844,202.07000732421875,486.0498046875
2023-02-24,89.12999725341797,196.8800048828125,478.77423095703125
2023-02-27,89.87000274658203,207.6300048828125,477.7757873535156
2023-02-28,90.05999755859375,205.7100067138672,470.48046875
2023-03-01,90.36000061035156,202.77000427246094,469.7687072753906
2023-03-02,92.0,190.89999389648438,472.2203063964844
2023-03-03,93.6500015258789,197.7899932861328,473.0704040527344
2023-03-06,95.12999725341797,193.80999755859375,475.2649230957031
2023-03-07,93.86000061035156,187.7100067138672,468.444091796875
2023-03-08,94.25,182.0,465.20172119140625
2023-03-09,92.31999969482422,172.9199981689453,459.57696533203125
2023-03-10,90.62999725341797,173.44000244140625,456.6702880859375
2023-03-13,91.11000061035156,174.47999572753906,459.99365234375
2023-03-14,93.97000122070312,183.25999450683594,460.8865051269531
2023-03-15,96.11000061035156,180.4499969482422,461.729736328125
2023-03-16,100.31999969482422,184.1300048828125,468.267333984375
2023-03-17,101.62000274658203,180.1300048828125,465.7673645019531
2023-03-20,101.22000122070312,183.25,473.1680603027344
2023-03-21,104.91999816894531,197.5800018310547,476.2831115722656
2023-03-22,103.37000274658203,191.14999389648438,471.739501953125
2023-03-23,105.5999984741211,192.22000122070312,466.1741027832031
2023-03-24,105.44000244140625,190.41000366210938,472.2057800292969
2023-03-27,102.45999908447266,191.80999755859375,478.06878662109375
2023-03-28,101.02999877929688,189.19000244140625,468.8229064941406
2023-03-29,101.38999938964844,193.8800048828125,462.8805236816406
2023-03-30,100.88999938964844,195.27999877929688,466.3229064941406
2023-03-31,103.7300033569336,207.4600067138672,468.8327941894531
2023-04-03,104.36000061035156,194.77000427246094,490.2611083984375
2023-04-04,104.72000122070312,192.5800018310547,489.3285827636719
2023-04-05,104.47000122070312,185.52000427246094,505.1815490722656
2023-04-06,108.41999816894531,185.05999755859375,508.7330322265625
2023-04-10,106.44000244140625,184.50999450683594,511.0841979980469
2023-04-11,105.3499984741211,186.7899932861328,516.8281860351562
2023-04-12,104.63999938964844,180.5399932861328,517.0464477539062
2023-04-13,107.43000030517578,185.89999389648438,522.0463256835938
2023-04-14,108.87000274658203,185.0,507.72119140625
2023-04-17,105.97000122070312,187.0399932861328,501.3323974609375
2023-04-18,104.5,184.30999755859375,500.46929931640625
2023-04-19,104.18000030517578,180.58999633789062,482.3346252441406
2023-04-20,105.29000091552734,162.99000549316406,483.5845642089844
2023-04-21,105.41000366210938,165.0800018310547,479.9735412597656
2023-04-24,105.97000122070312,162.5500030517578,485.0528259277344
2023-04-25,103.8499984741211,160.6699981689453,488.0091552734375
2023-04-26,103.70999908447266,153.75,479.1104736328125
2023-04-27,107.58999633789062,160.19000244140625,486.5706787109375
2023-04-28,107.33999633789062,164.30999755859375,488.17779541015625
2023-05-01,107.19999694824219,161.8300018310547,491.7591247558594
2023-05-02,105.31999969482422,160.30999755859375,489.46746826171875
2023-05-03,105.41000366210938,160.61000061035156,485.5488586425781
2023-05-04,104.69000244140625,161.1999969482422,483.4060363769531
2023-05-05,105.56999969482422,170.05999755859375,490.3503723144531
2023-05-08,107.7699966430664,171.7899932861328,488.70355224609375
2023-05-09,107.3499984741211,169.14999389648438,486.48138427734375
2023-05-10,111.75,168.5399932861328,486.1738586425781
2023-05-11,116.56999969482422,172.0800018310547,484.874267578125
2023-05-12,117.51000213623047,167.97999572753906,487.3246154785156
2023-05-15,116.51000213623047,166.35000610351562,482.9893493652344
2023-05-16,119.51000213623047,166.52000427246094,475.9061279296875
2023-05-17,120.83999633789062,173.86000061035156,480.9556579589844
2023-05-18,122.83000183105469,176.88999938964844,475.4200439453125
2023-05-19,122.76000213623047,180.13999938964844,475.0133056640625
2023-05-22,125.05000305175781,188.8699951171875,476.7989807128906
2023-05-23,122.55999755859375,185.77000427246094,475.62835693359375
2023-05-24,120.9000015258789,182.89999389648438,477.00732421875
2023-05-25,123.4800033569336,184.47000122070312,473.9022216796875
2023-05-26,124.61000061035156,193.1699981689453,477.6918029785156
2023-05-30,123.66999816894531,201.16000366210938,476.0351257324219
2023-05-31,122.87000274658203,203.92999267578125,483.3663330078125
2023-06-01,123.72000122070312,207.52000427246094,489.70556640625
2023-06-02,124.66999816894531,213.97000122070312,495.6082458496094
2023-06-05,126.01000213623047,217.61000061035156,494.22930908203125
2023-06-06,127.30999755859375,221.30999755859375,483.6937561035156
2023-06-07,122.5,224.57000732421875,478.2969665527344
2023-06-08,122.13999938964844,234.86000061035156,486.33258056640625
2023-06-09,122.2300033569336,244.39999389648438,489.69561767578125
2023-06-12,123.63999938964844,249.8300018310547,488.6737976074219
2023-06-13,123.83000183105469,258.7099914550781,487.40399169921875
2023-06-14,123.66999816894531,256.7900085449219,456.2040100097656
2023-06-15,125.08999633789062,255.89999389648438,464.0833740234375
2023-06-16,123.52999877929688,260.5400085449219,456.7120361328125
2023-06-20,123.0999984741211,274.45001220703125,467.5697937011719
2023-06-21,120.55000305175781,259.4599914550781,474.9012451171875
2023-06-22,123.1500015258789,264.6099853515625,477.19232177734375
2023-06-23,122.33999633789062,256.6000061035156,475.1502685546875
2023-06-26,118.33999633789062,241.0500030517578,477.2023010253906
2023-06-27,118.33000183105469,250.2100067138672,480.688720703125
2023-06-28,120.18000030517578,256.239990234375,472.61016845703125
2023-06-29,119.0999984741211,257.5,474.59246826171875
2023-06-30,119.69999694824219,261.7699890136719,478.77618408203125
2023-07-03,119.9000015258789,279.82000732421875,476.0268859863281
2023-07-05,121.75,282.4800109863281,469.3927001953125
2023-07-06,120.11000061035156,276.5400085449219,467.5398864746094
2023-07-07,119.4800033569336,274.42999267578125,459.7900695800781
2023-07-10,116.44999694824219,269.6099853515625,461.2543640136719
2023-07-11,117.13999938964844,269.7900085449219,461.0950012207031
2023-07-12,118.93000030517578,271.989990234375,449.9483947753906
2023-07-13,124.54000091552734,277.8999938964844,446.0137023925781
2023-07-14,125.41999816894531,281.3800048828125,478.3080139160156
2023-07-17,124.6500015258789,290.3800048828125,482.20281982421875
2023-07-18,123.76000213623047,293.3399963378906,498.06109619140625
2023-07-19,122.02999877929688,291.260009765625,501.74676513671875
2023-07-20,119.19999694824219,262.8999938964844,502.2846374511719
2023-07-21,120.0199966430664,260.0199890136719,504.5657653808594
2023-07-24,121.52999877929688,269.05999755859375,506.7074279785156
2023-07-25,122.20999908447266,265.2799987792969,508.9486999511719
2023-07-26,129.27000427246094,264.3500061035156,506.0300598144531
2023-07-27,129.39999389648438,255.7100067138672,503.27081298828125
2023-07-28,132.5800018310547,266.44000244140625,500.9598083496094
2023-07-31,132.72000122070312,267.42999267578125,504.4063720703125
2023-08-01,131.5500030517578,261.07000732421875,502.78271484375
2023-08-02,128.3800048828125,254.11000061035156,502.84246826171875
2023-08-03,128.4499969482422,259.32000732421875,502.9022216796875
2023-08-04,128.11000061035156,253.86000061035156,500.780517578125
2023-08-07,131.52999877929688,251.4499969482422,508.7594299316406
2023-08-08,131.39999389648438,249.6999969482422,503.8983459472656
2023-08-09,129.66000366210938,242.19000244140625,500.16290283203125
2023-08-10,129.69000244140625,245.33999633789062,501.5276184082031
2023-08-11,129.55999755859375,242.64999389648438,506.0400390625
2023-08-14,131.3300018310547,239.75999450683594,508.9486999511719
2023-08-15,129.77999877929688,232.9600067138672,504.72515869140625
2023-08-16,128.6999969482422,225.60000610351562,501.6072692871094
2023-08-17,129.9199981689453,219.22000122070312,492.04449462890625
2023-08-18,127.45999908447266,215.49000549316406,496.50714111328125
2023-08-21,128.3699951171875,231.27999877929688,495.7500915527344
2023-08-22,129.0800018310547,233.19000244140625,490.4307861328125
2023-08-23,132.3699951171875,236.86000061035156,487.54205322265625
2023-08-24,129.77999877929688,230.0399932861328,486.2072448730469
2023-08-25,129.8800048828125,238.58999633789062,487.2232666015625
2023-08-28,131.00999450683594,238.82000732421875,489.3749084472656
2023-08-29,134.57000732421875,257.17999267578125,490.91888427734375
2023-08-30,135.8800048828125,256.8999938964844,489.6239318847656
2023-08-31,136.1699981689453,258.0799865722656,474.7319030761719
2023-09-01,135.66000366210938,245.00999450683594,474.3932189941406
2023-09-05,135.77000427246094,256.489990234375,478.94549560546875
2023-09-06,134.4600067138672,251.9199981689453,475.09051513671875
2023-09-07,135.25999450683594,251.49000549316406,482.92999267578125
2023-09-08,136.3800048828125,248.5,480.7699890136719
2023-09-11,136.9199981689453,273.5799865722656,479.3800048828125
2023-09-12,135.33999633789062,267.4800109863281,479.8999938964844
2023-09-13,136.7100067138672,271.29998779296875,479.8399963378906
2023-09-14,138.10000610351562,276.0400085449219,483.6000061035156
2023-09-15,137.39999389648438,274.3900146484375,486.70001220703125
2023-09-18,138.2100067138672,265.2799987792969,486.05999755859375
2023-09-19,138.0399932861328,266.5,480.6600036621094
2023-09-20,133.74000549316406,262.5899963378906,492.1300048828125
2023-09-21,130.44000244140625,255.6999969482422,501.1400146484375
2023-09-22,130.25,244.8800048828125,506.1000061035156
2023-09-25,131.11000061035156,246.99000549316406,510.2799987792969
2023-09-26,128.57000732421875,244.1199951171875,505.45001220703125
2023-09-27,130.5399932861328,240.5,503.7300109863281
2023-09-28,132.30999755859375,246.3800048828125,510.1000061035156
2023-09-29,130.86000061035156,250.22000122070312,504.19000244140625
2023-10-02,134.1699981689453,251.60000610351562,514.5700073242188
2023-10-03,132.42999267578125,246.52999877929688,509.4700012207031
2023-10-04,135.24000549316406,261.1600036621094,510.6199951171875
2023-10-05,135.07000732421875,260.04998779296875,516.22998046875
2023-10-06,137.5800018310547,260.5299987792969,524.8099975585938
2023-10-09,138.4199981689453,259.6700134277344,526.510009765625
2023-10-10,138.05999755859375,263.6199951171875,524.239990234375
2023-10-11,140.5500030517578,262.989990234375,524.1300048828125
2023-10-12,138.97000122070312,258.8699951171875,525.5399780273438
2023-10-13,137.36000061035156,251.1199951171875,539.4000244140625
2023-10-16,139.10000610351562,253.9199981689453,538.030029296875
2023-10-17,139.72000122070312,254.85000610351562,536.6500244140625
2023-10-18,137.9600067138672,242.67999267578125,536.0599975585938
2023-10-19,137.75,220.11000061035156,531.6300048828125
2023-10-20,135.60000610351562,211.99000549316406,527.030029296875
2023-10-23,136.5,212.0800018310547,521.5700073242188
2023-10-24,138.80999755859375,216.52000427246094,525.0
2023-10-25,125.61000061035156,212.4199981689453,530.2100219726562
2023-10-26,122.27999877929688,205.75999450683594,528.3599853515625
2023-10-27,122.16999816894531,207.3000030517578,524.6599731445312
2023-10-30,124.45999908447266,197.36000061035156,529.989990234375
2023-10-31,124.08000183105469,200.83999633789062,535.5599975585938
2023-11-01,126.44999694824219,205.66000366210938,531.5999755859375
2023-11-02,127.48999786376953,218.50999450683594,536.1300048828125
2023-11-03,129.10000610351562,219.9600067138672,530.9000244140625
2023-11-06,130.25,219.27000427246094,533.4600219726562
2023-11-07,130.97000122070312,222.17999267578125,537.8300170898438
2023-11-08,131.83999633789062,222.11000061035156,536.72998046875
2023-11-09,130.24000549316406,209.97999572753906,539.0
